keyword,occurences
despite,70
anxiety,3636
depression,163
self,151
beautiful,47
saturday,14
today,590
promised,11
could,648
get,2204
coffee,52
meet,26
anxious,709
attend,11
last,442
week,368
guess,131
got,811
feeling,1044
proud,148
going,1249
first,676
real,223
adult,39
job,286
interview,42
also,636
managed,65
drive,88
city,33
traffic,21
two,259
small,154
üòä,14
missed,32
class,57
please,277
come,340
back,819
aren‚Äôt,80
mad,37
hello,53
i‚Äôve,727
read,236
lot,511
posts,94
recently,140
folks,20
missing,21
classes,24
don‚Äôt,823
worry,232
would,878
much,903
rather,91
continue,45
miss,61
teach,18
care,238
what‚Äôs,65
lives,54
know,1579
it‚Äôs,1235
easy,81
see,546
human,68
definitely,94
position,26
feel,2449
better,567
always,656
welcome,15
us,309
email,19
let,343
help,937
make,744
work,682
order,57
subway,13
ive,645
pretty,257
suffering,116
social,210
gives,67
chills,16
cant,420
never,711
guts,12
someone,597
explain,77
place,189
without,321
busy,41
panic,2932
attack,1560
heres,35
happened,216
early,47
afternoon,20
home,296
take,624
friends,279
house,161
watch,80
minutes,185
fine,288
asked,105
day,1239
stuff,132
talking,148
honestly,102
dont,917
mind,502
car,127
clean,45
20,92
notice,95
hes,27
sort,74
like,3154
wants,48
say,413
something,1084
starts,98
kind,261
breathing,256
deep,133
breaths,30
says,89
sorry,126
pull,37
reply,30
ok,133
everything,467
alright,33
calm,301
told,348
thats,203
man,88
attacks,1240
im,1858
anywhere,48
important,108
able,390
area,44
next,266
side,175
wasnt,115
really,1288
speaking,36
point,291
alone,354
ill,193
playing,49
games,26
phone,163
time,1536
want,802
call,140
later,154
rest,116
way,596
finish,18
trip,43
money,55
said,382
give,280
enough,285
arrived,13
number,38
needs,98
talk,309
well,432
went,500
ways,63
think,1054
fresh,11
air,71
giving,70
space,33
helped,294
instead,151
worrying,162
anyways,27
story,117
cake,11
wanted,300
post,350
smiling,15
things,913
starting,98
look,249
1,127
makes,389
hard,399
go,1118
sleep,330
2,324
bed,177
3,275
drink,89
4,140
caffeine,60
worse,322
5,161
repeat,35
one,1251
gets,166
caught,29
anyone,1224
else,974
relate,110
message,58
future,88
thinking,368
sub,131
upvotes,18
comments,103
realized,68
people,1287
edit,34
reaching,12
anything,488
ordered,20
even,1302
tho,21
shaking,88
holy,19
shit,190
believe,205
writing,70
hey,126
text,40
need,643
7,57
hours,293
fuck,401
needed,139
knows,61
comfort,69
bad,671
couple,159
days,522
decided,130
write,66
aaaaaaaaaaaaaaaaaaaaaaaaaaaaaaaaaa,30
due,155
severe,136
hand,78
quit,33
several,87
years,642
finally,305
medication,136
piece,36
three,75
weeks,261
ago,347
booked,13
i‚Äôm,1924
happier,15
ever,509
drawing,14
made,452
process,72
new,299
gad,39
year,362
agoraphobia,27
eat,132
conquer,14
world,167
friendly,11
reminder,68
hyperventilating,35
random,89
obsessive,15
behavior,22
picking,12
pacing,14
signs,43
loved,77
ones,115
stay,207
late,76
cause,201
exist,48
gonna,214
faster,35
deal,218
little,389
live,258
quiet,24
responsibilities,11
nothing,369
besides,24
fast,99
i‚Äôll,191
moment,191
ready,50
yet,145
online,87
easier,64
food,105
check,135
beforehand,12
especially,140
comes,155
socially,22
sometimes,427
restaurant,15
looks,45
chicken,14
locked,10
setting,16
foot,16
didnt,300
begging,13
whether,56
website,17
facebook,21
scared,452
leaving,51
push,47
end,275
session,28
therapist,145
forget,59
wow,49
thank,302
guys,266
words,125
woke,99
knew,112
reddit,103
awesome,29
confirmed,12
deserve,49
childhood,23
trauma,17
stage,41
afford,18
decent,12
therapy,212
seems,141
nice,130
room,158
perfect,41
environment,26
comfortable,53
telling,154
life,946
constantly,225
worried,227
judging,11
stories,59
serious,78
require,10
weak,61
person,320
looked,66
big,168
simply,68
shoulders,36
started,571
realised,18
universe,12
matters,11
problems,125
seem,136
silly,41
actually,406
helping,79
won‚Äôt,107
judge,18
nature,28
problem,160
try,485
anyway,73
valid,10
they‚Äôre,90
worth,51
realize,135
strength,36
takes,75
dark,38
mentally,72
youve,95
done,254
heard,72
quote,23
somewhere,55
doesnt,164
belong,13
realise,24
youre,410
high,221
functioning,15
around,443
obsess,21
probably,260
consumed,11
every,780
mistake,35
beating,84
capable,15
fully,64
situation,166
worst,298
scenario,38
biggest,63
thought,594
share,232
value,13
whoever,22
scrolling,18
right,563
here‚Äôs,13
unclench,12
jaw,34
drop,47
breath,206
hold,72
slowly,94
wonderful,32
monday,26
ahead,31
enjoying,26
you‚Äôre,374
minute,71
you‚Äôll,60
five,23
movies,12
since,443
getting,528
ptsd,21
movie,31
lots,52
super,150
gym,34
didn‚Äôt,238
die,274
public,61
workout,24
school,157
might,323
pick,45
wrong,321
relaxed,33
experienced,114
conversations,15
convincing,18
weird,203
sit,87
rabbit,10
hole,24
‚Äúi,45
goodbye,12
must,87
messed,17
sentence,14
expect,44
many,437
replies,27
feels,372
less,174
lonely,27
haha,30
anybody,109
find,371
staying,45
purely,11
there‚Äôs,105
tomorrow,86
morning,207
brain,548
another,243
half,100
hour,109
relax,70
waking,55
dog,58
senses,15
cat,25
exactly,75
animals,16
‚ù§Ô∏è,59
frustrating,29
society,20
mental,293
health,909
awareness,21
actual,55
symptoms,909
illnesses,45
slightly,32
low,91
suddenly,109
showing,27
company,23
worked,107
treat,46
kindness,10
others,174
oh,115
overwhelmed,35
stress,248
effects,90
panicking,116
taking,211
office,52
compared,14
coworkers,15
carry,28
thanks,163
subject,15
sad,60
everywhere,31
till,35
physical,254
illness,138
sending,30
support,164
hope,439
eventually,95
alarm,25
fall,88
asleep,95
wont,139
truth,36
thinks,45
working,180
family,221
isn‚Äôt,121
understanding,49
lean,16
cats,11
photo,11
art,18
lil,10
based,36
saw,108
trying,380
pop,18
fucking,168
hate,252
dying,272
hang,40
fun,84
can‚Äôt,451
overthinking,32
wasting,25
focusing,37
it‚Äôll,22
evening,31
tired,180
lost,91
months,406
disappear,22
waiting,76
covid,127
isolation,10
thing,544
great,220
routine,38
balance,21
love,322
spend,82
reading,195
zoom,11
maybe,281
12,53
virtual,14
typical,10
top,65
similar,89
boat,15
saying,137
continues,10
severely,10
negative,102
impact,17
hated,12
survived,26
100,100
you‚Äôve,72
damn,52
good,647
keep,410
pushing,26
antidepressants,19
they‚Äôve,18
interactions,11
basically,94
title,41
somebody,28
ended,73
hugs,39
relationship,46
consider,37
anti,11
mentioned,30
husband,65
head,324
possible,136
reassure,10
usually,171
lasts,18
happens,143
they‚Äôll,12
shouldn‚Äôt,26
reason,174
shake,35
guilty,35
expected,25
response,82
everyone,475
broken,30
record,11
either,105
relief,64
helps,278
feelings,184
knowing,99
brings,17
nobody,48
special,35
experiences,75
ocd,73
sufferer,20
tell,345
okay,316
sounds,75
scary,116
start,425
put,232
"

if",41
quarantine,30
promise,60
used,198
books,45
chance,66
amazing,114
power,31
tool,14
learned,74
cope,66
strong,144
imagine,72
covid19,34
boss,35
level,65
lol,116
kick,16
ass,39
wild,16
ride,29
riding,11
hug,34
we‚Äôre,58
remember,242
tip,34
necessary,16
news,93
means,98
numbers,16
pain,374
everyday,124
impossible,46
urge,36
hands,98
awards,27
blow,10
best,264
answer,65
sweet,15
joined,16
fight,119
found,244
current,40
turned,67
scheduled,18
lie,38
hell,108
step,114
fear,493
emotions,47
massive,34
clear,70
literally,245
face,150
unless,30
pushed,14
period,49
follow,37
goal,41
motivation,26
swimming,17
energy,77
brush,11
teeth,30
making,228
present,47
exercise,101
though,261
past,289
disorder,258
spent,77
often,176
waste,27
full,216
dumb,25
old,190
looking,171
although,54
wouldn‚Äôt,49
wish,199
understand,196
exhausting,43
heavy,49
rapid,23
extremely,132
heartbeat,30
stomach,203
nausea,56
bathroom,61
issues,172
etc,248
assume,30
completely,222
internal,24
avoidance,13
task,27
otherwise,41
itll,30
harder,46
complete,48
avoiding,25
short,111
term,32
avoided,14
threat,25
reasons,32
however,122
belief,11
threatening,11
intense,93
vicious,20
cycle,96
youll,62
likely,92
sense,112
added,14
credit,12
goes,155
posted,62
removed,16
luckily,23
felt,656
least,168
hear,152
yes,90
that‚Äôs,178
"

edit",33
successfully,10
9,21
hr,18
shift,28
sunday,18
chair,12
far,139
stairs,17
constant,134
havent,103
checking,77
seeing,117
ear,29
sure,329
listening,51
healthy,199
control,264
suffer,92
ya,12
kinds,13
"

i",400
called,146
"

this",49
perfectly,45
rare,52
sitting,97
couch,24
sudden,69
heart,1102
took,288
idea,129
whole,207
episode,36
mean,153
helpful,121
venting,17
reaction,51
irrational,53
jumping,12
cure,57
"

also",17
lazy,12
battle,38
option,18
keeping,27
alive,65
lately,82
fact,130
inside,98
play,44
video,71
supposed,51
productive,27
exercising,29
desk,11
center,10
stuck,82
march,17
plans,24
still,693
pray,25
heat,30
hot,81
outside,128
relaxing,36
wasted,23
drinking,51
add,48
apparently,20
doesn‚Äôt,158
use,157
excessively,10
distract,48
young,78
kid,44
terrible,114
death,158
ice,19
cream,11
nervous,135
luck,46
smile,33
spoke,15
strongly,14
blanket,17
water,148
bottle,13
sleeping,59
apartment,38
building,25
faint,38
night,330
context,23
"

as",15
soon,133
couldnt,143
stop,495
poor,26
guy,58
sadness,13
walk,109
discomfort,43
show,88
common,88
warm,41
filled,23
almost,312
key,28
door,30
forced,24
items,10
cry,88
gut,21
desire,10
act,43
success,36
empathy,15
left,181
beach,10
rn,19
calms,15
wondering,57
"
i",70
tv,47
shows,44
younger,18
seen,103
22,27
happy,205
quite,83
emotional,28
u,51
idk,71
relatable,39
surprised,14
genuinely,39
doubt,29
annoying,54
lying,34
stupid,76
sick,224
nearly,57
conversation,51
properly,32
honest,42
issue,104
kinda,69
isnt,121
theyre,80
whatever,105
insane,49
travel,11
function,28
known,44
living,156
normal,413
developing,18
expecting,22
respond,28
lovely,14
wishing,21
gone,144
close,113
200,11
wouldve,14
id,140
stopped,115
existing,13
college,78
wasn‚Äôt,106
brave,11
tonight,60
offered,18
asshole,11
slow,39
responses,36
battling,20
depressed,50
kept,93
experiencing,93
major,68
parts,24
barely,84
parties,11
university,19
mostly,68
uncomfortable,73
enjoyed,17
reality,66
wouldnt,62
opportunity,19
driving,145
stressing,20
drove,44
highway,14
bought,22
bc,34
freedom,10
beat,98
gave,121
gold,24
grateful,40
received,22
update,56
killed,14
hearing,40
higher,34
pay,50
double,14
benefits,11
excited,44
second,138
stayed,25
zone,24
nasty,14
encouragement,28
huge,99
changing,32
"

thank",11
y‚Äôall,39
glad,60
single,133
afraid,204
trouble,54
parents,99
followed,20
"

and",26
losing,62
suck,20
shoulder,19
guilt,29
bit,262
posting,58
towards,38
crying,135
wrote,39
50,23
different,197
upset,43
type,65
mess,35
whenever,123
happiness,45
safe,110
memories,14
become,132
ton,21
nights,40
moments,75
seriously,95
"

what",16
lasted,49
theyve,17
struggled,33
w,17
awful,85
learn,90
grow,21
tried,180
terrified,102
refused,11
across,49
entire,105
learning,39
yo,11
month,164
0,19
yelled,11
raise,13
voice,57
noticed,96
chest,369
tight,42
hardly,15
breathe,166
general,79
lockdown,20
stressed,76
happen,266
offer,23
fail,14
result,45
accept,89
"me

i",16
fix,47
magic,10
button,17
choose,24
habit,19
talks,17
afterwards,26
obsessing,25
word,50
came,229
mouth,45
shouldnt,22
incredibly,58
total,11
idiot,17
circle,13
"
",160
tips,89
appreciated,35
test,122
meeting,33
dinner,34
grocery,36
run,101
blessed,14
18,21
pet,11
purpose,19
none,48
hit,107
rock,13
bottom,20
long,416
recovery,99
times,401
animal,25
prozac,11
forever,45
provide,25
system,73
fianc√©,16
watching,80
cleared,12
personal,61
hopeful,17
silver,12
wear,30
mask,38
personally,30
fantastic,14
struggle,105
tightness,42
closing,20
pandemic,44
mild,40
case,143
fever,26
body,652
aches,30
dry,29
cough,17
regarding,29
burn,13
"

it‚Äôs",17
keeps,45
quickly,58
freaking,88
break,111
highly,36
delete,14
fellow,26
indeed,14
emotionally,26
drained,12
course,135
lump,35
throat,78
internet,57
theres,129
wall,17
truly,84
answers,26
messages,44
appreciate,57
june,13
minimal,11
interaction,21
i‚Äôd,102
overthink,27
easily,28
handle,58
account,22
lose,81
friend,140
crazy,167
yesterday,111
group,57
willing,29
training,29
harsh,10
dare,23
click,19
react,25
stronger,40
tells,34
prove,11
thoughts,408
together,93
thread,26
blew,17
cool,39
virus,59
relatively,18
individual,15
following,48
prevent,34
passing,34
financial,12
crisis,11
suggest,19
events,29
coming,151
ground,29
name,51
decide,29
choice,17
exhausted,56
crap,21
everybody,27
experience,275
beginning,33
treatment,45
including,37
may,257
logic,15
torture,14
works,71
cbt,53
techniques,44
focus,157
protect,16
leave,184
fearing,17
strange,52
comment,65
subreddit,81
aware,89
cognitive,22
enjoy,109
seemed,45
away,407
shitty,21
horrible,115
matter,137
strangers,30
express,16
opinions,13
attempt,16
wearing,26
normally,49
standing,28
positive,127
masks,14
lets,60
coronavirus,23
reassurance,109
link,28
main,47
save,19
wash,17
god,87
article,49
happening,148
research,49
clinical,12
statistics,20
hospital,127
tested,40
30,85
percent,11
rate,165
flu,20
spread,17
large,14
testing,25
taken,72
failed,19
unable,38
infection,26
tests,112
discovered,24
vaccine,93
license,23
someone‚Äôs,12
passed,56
21,25
hi,94
gentle,17
"

when",25
sharing,43
pass,120
tiny,32
store,64
per,31
safety,14
arms,63
park,13
this‚Äù,15
receive,14
wake,140
stressful,68
currently,85
replying,10
commenting,10
seconds,80
presentation,15
broke,24
shaky,22
heads,13
‚Äúpanic,10
attack‚Äù,12
omg,16
logically,13
true,113
dropped,21
forgot,26
disorders,47
yall,41
alot,25
shopping,27
6,86
23,18
female,11
win,37
running,80
struggles,23
rough,33
facing,20
struggling,133
reference,11
abuse,16
mom,85
age,68
"

i‚Äôve",21
rule,27
ibs,23
combined,11
difficult,98
runs,13
turn,82
meds,125
benzos,18
seek,47
concern,31
gotta,24
rid,56
pills,22
flying,10
manage,70
buy,16
using,70
improving,10
cares,18
diet,38
medical,148
professionals,15
rant,32
appointment,113
clearly,29
form,49
prescribed,27
according,17
sigh,10
gotten,104
christmas,32
son,20
races,14
touch,27
challenging,11
hurts,48
preparing,13
peace,66
note,41
older,25
extra,24
woman,32
father,20
ex,15
performance,21
prepared,18
sound,52
confident,42
miserable,27
ugly,11
fighting,78
absolutely,108
generalized,24
effort,25
fake,27
bitch,19
speak,54
force,34
degree,13
bills,12
walking,81
trust,101
calling,50
flashbacks,10
abusive,10
jealous,12
tend,42
pulled,18
road,37
speed,14
diagnosed,106
hobby,15
unsure,12
pit,14
cold,126
sweat,25
onto,30
partner,54
grounded,12
8,46
intensity,11
waves,35
gradually,11
forward,65
thrown,14
seat,11
somehow,48
immediate,18
scream,13
absolute,32
pure,11
adrenaline,66
mine,61
already,166
police,16
insurance,27
info,17
sobbing,12
wait,71
picture,33
describe,37
911,29
english,12
"

the",58
ambulance,41
vitals,11
neck,57
showed,29
wtf,13
mins,28
turns,44
front,89
damage,19
beyond,22
immediately,120
picked,11
saved,22
covered,10
paying,16
cruel,12
chose,11
move,112
drivers,11
danger,58
"

im",34
moving,59
triggers,65
explanation,21
dealing,114
causing,73
regret,15
tackle,13
challenge,18
died,45
haven‚Äôt,114
hanging,10
empty,19
prefer,15
state,91
anger,23
terror,22
overly,13
"

my",56
change,121
numbness,32
changes,38
false,17
meaning,14
slight,29
crippling,31
quick,39
ignore,48
angry,44
adhd,15
usual,40
release,21
"

i‚Äôm",41
curious,20
hopefully,68
avoid,98
lmao,17
40,24
else‚Äôs,21
part,156
decision,24
psa,10
convince,59
progress,58
shortness,52
arent,64
15,59
mistakes,32
fell,28
bleeding,10
ran,34
treating,17
mother,49
situations,73
natural,35
soothe,11
hoping,36
acceptance,43
semester,13
grade,14
math,10
slightest,20
series,11
occasionally,28
staff,11
corner,13
anxieties,22
final,16
finished,20
draw,14
failure,32
benefit,12
allowing,11
ignored,14
‚Äúoh,24
yeah,56
line,39
obsession,15
‚Äî,21
ha,200
joy,18
community,61
‚ù§Ô∏è‚ù§Ô∏è‚ù§Ô∏è,20
practicing,15
obsessively,16
shower,53
recognize,41
feedback,20
somewhat,34
comforting,18
"
the",15
surrounded,10
reach,49
silent,10
brief,16
path,21
failing,16
courage,27
faith,28
perhaps,15
suffered,60
fire,17
hearts,11
free,135
liked,12
listen,83
music,56
country,22
begin,41
within,68
calls,28
advice,210
overwhelming,32
journal,15
girlfriend,32
figure,51
set,64
totally,76
fears,84
survive,27
everytime,42
deeper,10
phobia,19
weed,59
247,32
ashamed,28
included,14
staring,16
noticing,14
conscious,30
meant,25
hair,15
weight,52
except,44
recall,11
"

you",28
sensitive,42
noise,13
loud,51
noises,16
palpitations,128
palpitation,21
warning,23
applied,11
paid,18
planning,17
frustrated,17
"
my",12
teacher,24
sent,46
apply,18
contact,31
cuz,17
talked,43
mood,37
wanna,84
hide,27
box,26
rush,37
lights,22
traumatic,15
screaming,20
diagnose,23
flight,53
concerned,31
technique,41
anymore,192
practice,54
physically,76
track,19
information,46
joke,25
middle,61
catch,39
laughing,18
"

anyone",17
created,29
exercises,48
mindfulness,19
site,11
decade,16
longer,109
stick,18
insight,15
heal,25
questions,64
surely,18
throughout,44
along,57
whilst,11
dread,47
excitement,11
bring,61
x,28
periods,18
twice,42
confidence,37
sends,26
spiral,60
cancer,328
ate,38
minor,41
badly,27
freak,57
trembling,22
cured,26
send,58
chat,32
jump,21
automatically,18
wife,36
fit,18
parking,17
nauseous,40
simple,83
sucks,86
moms,14
view,11
game,42
dead,62
doctors,209
appointments,23
who‚Äôs,12
bloodwork,15
root,23
naturally,19
built,17
sugar,27
alcohol,40
trained,16
enemy,17
cases,42
growth,11
growing,19
pains,88
oil,14
putting,50
"

it",51
began,64
scare,27
holding,23
girl,38
boyfriend,66
shes,31
local,14
shut,39
embarrassed,43
psychologist,16
expose,13
figured,37
date,27
considered,19
amounts,14
allow,31
build,22
c,25
amount,71
sat,52
meditation,77
cringe,13
obsessed,23
understood,21
develop,26
opinion,33
hurt,90
favorite,34
tough,38
er,140
seizure,18
activity,17
pace,12
skip,12
certain,92
sore,50
changed,56
became,53
hypochondriac,40
chronic,23
bodily,34
sensations,107
nerve,24
sensitivity,11
bowel,21
movements,13
painful,30
recommend,38
ease,30
goals,22
explode,11
specialist,12
escape,35
improve,22
googling,129
business,12
hitting,10
accepted,28
previous,21
given,47
uncertainty,15
lies,11
unbearable,21
light,73
trapped,27
ability,31
stand,35
controlling,14
tasks,16
drowning,10
organs,13
lay,48
wanting,38
kill,66
managing,18
event,49
disappeared,16
convinced,183
possibly,42
surgery,25
yelling,21
mention,21
ask,117
question,43
"

so",52
shy,12
parent,10
affected,13
teachers,13
eyes,84
tense,29
described,10
opposite,20
nerves,21
related,96
advance,12
instantly,30
scenarios,24
addiction,11
odd,22
doctor‚Äôs,10
touched,12
encouraging,17
supportive,23
detail,21
awhile,23
10,127
hopes,16
unhealthy,20
habits,23
leaves,11
rude,15
becomes,31
wave,24
shame,19
zero,26
bother,18
throws,12
window,21
laugh,30
increase,34
muscle,68
tension,27
symptom,214
circumstances,11
attention,88
sooner,15
plenty,21
remind,63
rain,18
swear,22
source,17
resolved,10
stroke,45
exact,25
toilet,21
brought,43
humans,22
relieved,32
pressure,142
bipolar,11
basic,28
outcome,15
tingling,60
explaining,12
soothing,11
roof,19
sister,37
grab,10
dad,61
isolated,11
cut,36
breaks,17
falling,30
sign,45
flow,14
toe,12
apart,25
consuming,10
focused,38
floor,39
increases,16
paper,19
horribly,11
syndrome,17
plan,40
ativan,29
lucky,25
accepting,30
private,17
diabetes,22
blood,295
affects,16
coworker,10
baby,27
specifically,26
lingering,11
anytime,15
peaceful,13
headspace,13
letting,34
vent,48
trigger,109
role,13
million,36
awkward,31
dude,13
he‚Äôs,39
anyone‚Äôs,14
lunch,30
laid,20
forcing,12
activities,10
frequently,19
responding,10
pounds,14
searching,32
clothes,16
"

just",12
aspect,15
embarrassing,35
content,14
appetite,27
eaten,15
vaccinated,15
particular,27
spasms,10
pounding,40
unfortunately,26
hyper,33
sensation,110
minds,22
weve,15
numerous,11
daily,121
basis,18
existence,20
millions,15
let‚Äôs,33
needles,14
victory,15
shot,37
nose,40
ridiculous,30
deeply,18
freaked,40
dreading,16
leading,25
nurse,39
tears,34
dizzy,84
arm,67
dose,49
particularly,23
vacation,22
active,30
users,13
worries,44
intrusive,34
unlikely,14
possibilities,12
wonder,38
reads,12
journey,32
foods,16
slept,42
guarantee,11
proper,10
mindset,28
train,37
ball,13
jumped,12
bus,20
upper,14
asap,11
patient,21
war,12
whatsoever,16
atleast,10
elses,22
begins,12
ache,35
vomit,18
panicked,42
hobbies,17
interested,18
pause,10
behind,56
third,15
24,31
hopeless,30
exams,16
"

but",46
interesting,34
heartburn,17
pee,15
needing,10
trips,10
ends,28
people‚Äôs,15
cannot,93
meme,12
multiple,72
awake,32
hadn‚Äôt,15
fatigue,21
causes,101
four,24
suicidal,18
graduated,11
hardest,17
imagined,10
admit,16
typing,19
27,11
drinks,16
bright,15
cup,17
waited,18
drank,23
wind,12
list,91
approach,20
lack,43
miracle,10
andor,18
weather,15
asking,70
rules,15
points,21
treated,19
caused,126
raised,10
pieces,16
direction,18
correct,10
greatest,10
memory,27
walks,21
stops,24
racing,101
acting,19
distress,10
whats,64
media,36
actively,18
open,72
nightmare,29
randomly,39
birthday,35
party,26
fair,19
sun,28
sets,16
pm,16
sadly,11
"

does",17
suggestions,24
everyone‚Äôs,10
guide,21
consistent,14
schedule,23
background,33
screen,15
youtube,44
videos,50
magnesium,13
yoga,19
combination,14
cbd,20
"

we",14
45,20
weekend,43
certainly,14
resting,14
prepare,10
majority,23
children,12
25,37
terms,23
ideas,20
surviving,15
survival,19
diarrhea,20
digestive,10
acknowledge,16
hates,12
obviously,58
cleaning,10
annoyed,15
bothering,21
doctor,397
fingers,19
tunnel,27
cried,29
kids,24
terrifying,50
dwell,11
sky,14
pretend,12
fucked,20
condition,57
tongue,15
closed,24
blown,41
panicky,30
headaches,60
dizziness,51
race,13
harm,24
topic,13
sorts,17
"

a",16
grew,12
sessions,19
continued,19
channel,11
moved,30
visited,15
visit,36
prescription,12
drugs,21
chill,20
smoking,39
opening,16
roommate,15
smoke,31
‚Äúi‚Äôm,19
couldn‚Äôt,111
lived,27
xanax,50
understands,21
triggered,83
confused,28
"

thanks",14
13,18
considering,14
killing,13
ruminate,11
26,21
december,16
surroundings,17
meditating,13
dream,22
we‚Äôll,11
edge,47
increased,25
concentrate,18
potential,12
count,30
section,11
washing,13
watched,24
difference,38
image,15
gas,14
jolt,14
debilitating,41
risk,37
bedroom,10
psych,13
plus,25
psychiatrist,52
"

now",12
fog,18
sweating,32
remembered,13
nurses,10
rarely,20
medications,28
inner,12
kitchen,14
anxietypanic,38
sensory,12
grip,11
appear,13
frequent,25
professional,51
somethings,15
subside,15
suppose,10
types,17
ie,12
80,16
hidden,12
mode,36
muscles,48
swallow,15
lungs,38
unnecessary,15
apologize,15
pulling,13
excuse,16
anxiety‚Äù,10
me‚Äù,12
shocked,14
ten,18
row,12
ugh,12
ruined,23
combat,10
phrase,15
studying,12
17,18
90,12
average,21
suggested,28
groups,12
burden,23
holidays,15
grown,15
core,12
occupied,12
hits,32
extreme,58
34,15
straight,50
bunch,22
fixate,10
reached,18
min,21
specific,49
monster,14
fired,14
spikes,10
machine,17
hurting,21
limit,12
reactions,19
google,254
affect,20
bigger,17
written,11
instant,16
hundreds,21
ruin,28
suicide,18
loop,17
friday,22
child,37
unusual,10
recovered,32
regularly,19
"

after",21
coping,50
emotion,14
recover,50
previously,13
dangerous,50
unique,14
allowed,25
rushing,11
insomnia,11
results,86
team,14
"

",46
2020,20
explained,32
surprise,19
shallow,11
belly,11
inhale,10
commonly,16
effective,18
exhale,11
"

x200b

i",13
depressing,10
history,41
book,91
reassuring,18
dies,10
panick,15
therefore,19
jobs,31
drops,12
99,18
choosing,14
fairly,15
held,14
lead,31
dropping,14
believed,15
create,31
theyll,16
smallest,12
peoples,14
shall,11
dm,17
regular,30
urgent,22
webmd,15
clinic,13
forums,17
concerns,25
exists,14
significantly,11
personality,14
psychology,10
fixed,11
table,16
throw,33
lower,28
dogs,17
11,26
ppl,11
defeated,13
mainly,33
decisions,10
mid,18
shared,19
manifest,12
dealt,25
relationships,17
likes,13
laying,34
perception,12
fault,17
assuming,13
accurate,20
mirror,14
scares,33
incredible,27
therapists,18
available,17
‚Äúwhat,34
speech,19
taught,16
trick,25
obvious,21
ruminating,11
unknown,13
agree,10
spinning,13
eye,52
dr,57
draining,13
steps,59
remove,11
listened,18
emergency,64
signals,10
lady,16
pointed,11
near,45
eight,16
"

ive",16
summer,23
exposure,25
april,13
earth,26
boy,15
student,16
join,16
language,16
cashier,10
huh,10
smart,13
eating,116
familiar,20
confusion,11
overcome,89
paranoia,10
"it

i",10
feet,34
realization,15
successful,11
career,15
headache,77
tumor,68
meditate,22
chemical,12
seemingly,16
bullshit,17
seeking,47
useful,38
weakness,20
earlier,36
"

then",17
switch,22
dear,11
essentially,21
walked,28
toxic,13
finds,13
funny,27
paranoid,18
soul,14
actions,11
hiding,19
signal,14
return,20
report,11
caring,12
legit,15
released,15
tools,22
correctly,11
evidence,16
cramps,11
magically,11
nowhere,68
loss,28
zoloft,38
pill,15
pumping,13
song,17
details,16
"

at",11
catching,10
strategies,11
overcoming,28
vomiting,16
members,18
recent,16
19,22
it‚Äù,21
üò≠,14
girls,11
dating,10
exam,22
threw,11
ignoring,18
non,19
linked,12
poop,10
whos,19
ups,15
define,13
powerful,27
places,30
skipped,14
smoked,15
sufferers,24
primary,10
shakes,10
skin,59
turning,16
breaking,19
loves,12
relieve,15
spot,22
sake,10
we‚Äôve,16
mum,13
achieve,13
drives,10
prevents,11
studies,11
feared,11
occur,14
complex,13
bite,15
lips,11
stranger,18
destroyed,14
thus,13
stood,12
verge,23
throwing,20
bites,10
meal,18
concept,17
white,20
lexapro,32
lifestyle,14
"

1",18
tea,19
"

2",12
app,66
counselor,11
phase,10
potentially,18
odds,20
crawling,13
six,16
acid,23
reflux,22
mechanism,14
subconsciously,11
kicking,12
healing,20
met,19
she‚Äôs,32
sheer,11
smell,26
involved,14
hangover,12
hungry,14
anyones,13
squeezing,10
helpless,16
distance,14
useless,20
kicked,11
showering,11
complaining,10
aside,16
passes,18
proven,16
vs,16
permanent,15
finding,43
endless,10
underlying,18
generally,22
perspective,27
worsened,10
disease,176
vibes,15
overcame,20
disappointed,10
legs,66
stopping,25
greatly,11
extent,10
effect,34
youd,18
"

its",16
flashes,11
range,18
mg,14
method,23
version,19
weren‚Äôt,13
distracted,29
you‚Äôd,12
laughed,13
breakdown,12
prior,12
women,13
via,11
miles,11
quality,13
overall,28
behavioral,13
example,82
inevitable,13
likelihood,12
temporary,21
spending,20
leads,25
dae,15
blame,19
2018,12
ur,32
undiagnosed,17
access,12
feeding,10
affecting,16
stable,10
boom,11
confirm,10
tumors,14
hasn‚Äôt,17
ms,39
healthier,16
longest,10
hasnt,19
podcast,16
initial,17
page,21
computer,13
referred,10
bear,22
beats,27
duck,11
weekly,15
‚Äúthis,14
red,21
reacting,10
bf,10
neurologist,20
member,14
calmly,13
directly,15
brother,19
calmed,27
thankful,18
doomed,10
tends,10
calming,26
reduced,15
gain,14
spiraling,23
resilient,17
classic,11
‚Äúit‚Äôs,10
glass,11
shock,14
creeping,11
rational,33
typically,15
werent,17
texts,13
consume,16
solution,29
manager,10
possibility,17
quietly,10
numb,55
careful,10
thousands,12
harmful,10
‚Äì,21
puts,10
action,10
hypochondria,38
deadly,13
discuss,15
pointless,14
excessive,10
diagnosis,53
float,10
incident,11
14,13
solve,13
developed,45
thursday,11
commented,10
gained,10
search,40
woken,10
btw,10
sex,17
becoming,20
blue,23
leg,46
levels,41
entirely,24
apps,16
reduce,38
applying,13
scariest,18
patience,12
üòÇ,15
brushed,12
nap,15
realizing,14
handling,12
closer,19
conditions,29
fill,14
snap,15
disoriented,10
vertigo,14
headed,24
black,13
reassured,10
skills,19
recovering,21
episodes,38
tremendously,10
biting,12
quicker,12
hyperventilate,10
immensely,10
forgetting,11
tries,17
immense,11
dreams,21
suffers,19
lab,11
casual,10
vitamins,12
lasting,14
recommended,24
"

for",19
"

in",12
reminded,10
study,28
subconscious,12
immune,16
shape,16
color,11
checked,95
medicine,39
lightheaded,30
difficulty,11
presenting,11
xray,16
fat,10
chances,31
allergies,17
unconscious,11
mole,10
ultimately,16
instagram,12
existential,19
pulse,45
‚Äú,13
kidney,18
visits,23
pattern,21
triggering,33
heavily,10
‚Äúyou,13
images,10
psychological,11
affirmations,10
pictures,20
facts,29
serotonin,15
apple,13
researching,12
impending,33
doom,47
ending,24
tricks,14
amygdala,17
fullblown,11
fixating,13
brains,25
creates,11
significant,17
pls,15
sooo,14
ringing,15
ears,31
"
2",15
fixated,15
logical,13
rise,13
"
3",17
touching,12
counting,15
"
5",10
chocolate,10
itchy,23
sees,12
rushes,10
catastrophic,10
resources,16
movement,11
tree,11
mantra,13
various,19
shortly,13
benign,17
ssris,20
hence,11
hydroxyzine,10
desperately,11
consistently,13
ekg,38
burning,23
peak,10
upon,18
believing,20
expert,11
smaller,13
include,18
accident,14
bpm,15
cardiologist,26
observe,11
induced,11
systems,10
diseases,59
mri,44
sinus,10
bone,16
posture,11
eg,11
neurological,11
physiological,12
encourage,24
fightorflight,19
grounding,16
scan,34
guided,10
doc,24
reducing,10
mechanisms,16
male,20
patients,21
twitch,12
dehydrated,14
twitching,15
stuffed,11
manageable,17
methods,16
countless,18
field,16
cardiac,16
scans,20
uni,11
monitor,29
16,12
areas,14
oxygen,27
sweaty,12
factors,12
sympathetic,14
elevated,15
articles,22
fade,10
strategy,14
knowledge,27
cover,14
blurry,13
ruining,16
plane,32
twitches,19
vision,60
patterns,11
gp,23
hormones,13
birth,10
arteries,11
aneurysm,29
"


i",16
swollen,17
lymph,27
thyroid,10
healthcare,12
vitamin,17
terminal,23
poisoning,12
lymphoma,14
bat,29
rabies,56
favor,11
bodies,33
googled,24
lightheadedness,14
hiv,18
clots,12
led,21
nodes,15
listed,11
infected,13
subsided,12
clot,14
bump,16
connect,10
ct,24
lung,25
anaphylaxis,13
vaccination,10
occasional,22
limbs,10
august,11
readings,10
sharp,24
breast,29
checks,13
thankfully,12
colon,16
stars,14
taste,16
frantically,11
als,28
abnormal,10
allergic,26
liver,11
depersonalization,14
temperature,12
node,10
ultrasound,10
"

health",12
ah,10
ovarian,13
harmless,16
abdominal,12
lowest,10
tingle,11
ecg,12
bet,11
setbacks,12
tumour,10
hypochondriacs,11
asthma,10
assure,10
frequency,12
myocarditis,11
mixed,10
consciously,10
derealization,37
yup,11
fatal,13
bp,13
abdomen,14
counselling,12
scanner,16
drug,13
relapse,11
2019,20
desperate,18
tingly,12
marijuana,17
certainty,15
ssri,19
bats,16
coronary,10
klonopin,11
pa,18
holter,11
printer,11
